Job ID,Title,Company,Work Location,Work Style,About Job,Experience required,Skills required,HR Name,HR Link,Resume,Re-posted,Date Posted,Date Applied,Job Link,External Job link,Questions Found,Connect Request
4371598989,Junior QA Engineer,Conscious Creations A,nscious Creations A,nscious Creations A,"About the job
About the Role
Ensure quality, reliability, and usability of TourIQ, a B2B AI-powered SaaS platform. Validate functionality across APIs, dashboards, data pipelines, and business workflows. Starts with manual + API testing with a clear path to automated test suites by Month 3. We teach automation.

Key Responsibilities

Functional & UI Testing
Manual test all dashboard views and user workflows end-to-end
Test onboarding flows, notifications, and responsive design across devices

API & Data Testing
Test API endpoints with Postman; validate data sync accuracy and error recovery
SQL queries for data validation in PostgreSQL

Security & Access Control
Test multi-tenant data isolation; validate role-based access controls
Validate authentication flows: login, MFA, password reset, session management

AI Feature Validation
Validate AI-generated outputs display correctly and behave within expected boundaries

Automation Ramp-Up (Month 3+)
Begin building automated API test suites for critical paths; build regression suites

Process
Test cases, test data, bug reports with clear reproduction steps; release testing; collaboration with devs/designers

Must-Have
~1 year in QA / software testing; strong manual testing fundamentals
Basic API testing (Postman or similar); clear test cases and bug reports
Understanding of SDLC and QA processes; attention to detail

Good to Have
B2B/dashboard applications; SQL; automation awareness (Selenium, Cypress, pytest — we teach); responsive web testing; Git

Mindset
Detail-oriented. Tests edge cases others miss. Clear communicator. Eager to learn automation.

Why Join
QA on a real production product. We actively teach automation. Growth path: Junior QA → QA Engineer → Automation QA. Onsite in Jaipur.",1,,Unknown,Unknown,resume.pdf,False,2026-02-16 20:41:03.659029,2026-03-09 20:41:13.836991,https://www.linkedin.com/jobs/view/4371598989,Easy Applied,"{('Can you write clear, reproducible bug reports with steps, expected vs actual results, and screenshots? [  ""Select an option"", ""Yes"", ""No"", ]', 'Yes', 'select', 'Select an option'), ('Have you tested REST APIs using Postman or a similar tool? [  ""Select an option"", ""Yes"", ""No"", ]', 'Yes', 'select', 'Select an option'), ('Are you comfortable working in an onsite setting? [  ""Yes""<Yes>, ""No""<No>, ]', '""Yes""<Yes>', 'radio', '""Yes""<Yes>'), ('Have you completed the following level of education: Bachelor\'s Degree? [  ""Yes""<Yes>, ""No""<No>, ]', '""Yes""<Yes>', 'radio', '""Yes""<Yes>'), ('Email address [  ""Select an option"", ""saminathanms2004@gmail.com"", ]', 'Yes', 'select', 'saminathanms2004@gmail.com'), ('Do you have basic SQL knowledge? [  ""Select an option"", ""Yes"", ""No"", ]', 'Yes', 'select', 'Select an option'), ('Are you interested in learning test automation (Selenium, Cypress, or pytest)? We teach this on the job. [  ""Select an option"", ""Yes"", ""No"", ]', 'Yes', 'select', 'Select an option'), ('Have you written structured test cases (not just ad-hoc testing) for a web application? [  ""Select an option"", ""Yes"", ""No"", ]', 'Yes', 'select', 'Select an option'), ('We must fill this position urgently. Can you start immediately? [  ""Yes""<Yes>, ""No""<No>, ]', '""Yes""<Yes>', 'radio', '""Yes""<Yes>'), ('Will you now or in the future require sponsorship for employment visa status? [  ""Yes""<Yes>, ""No""<No>, ]', 'No', 'radio', None), ('mobile phone number', '6385663777', 'text', '6385663777'), ('Phone country code [ ""List of phone country codes"" ]', 'Yes', 'select', 'India (+91)'), ('Are you legally authorized to work in India? [  ""Yes""<Yes>, ""No""<No>, ]', 'Yes', 'radio', None), ('how many years of qa/software testing experience do you have?', '5', 'text', '')}",In Development
4380456054,Associate Full Stack Engineer,Big Bang Boom Solutions Private Limite,g Bang Boom Solutions Private Limite,g Bang Boom Solutions Private Limite,"About the job
Company Description:
Big Bang Boom Solutions (BBBS) is a Chennai-based deep-tech defence startup focused on developing indigenous defence and security technologies. It operates as a defence solutions integrator that builds advanced systems in areas such as artificial intelligence, UAS/drone technology, electronic warfare, material science, propulsion, communication systems, and data security, aiming to create intellectual property for national defence applications.
 BBBS develops products such as anti-drone defence systems, see-through armor interfaces, smart surveillance platforms, and other custom defence technologies. The company has participated in and won multiple iDEX challenges sponsored by the Indian Ministry of Defence, receiving government grants and contracts.
Key Responsibilities
Develop and maintain full-stack applications using Python (Django/Flask) and JavaScript (React/Angular).
Design RESTful APIs and integrate them with dynamic front-end interfaces.
Write clean, efficient, and testable code across the stack.
Collaborate with cross-functional teams to define and deliver technical solutions.
Stay updated with emerging technologies and contribute to continuous improvement.
Required Skills
Back-end: Python, Django, Flask
Front-end: HTML5, CSS3, JavaScript, React.js, Angular
Databases: MySQL, MongoDB
DevOps: Git
Tools: Message brokers, Redis, Postman, web servers
Qualifications
Bachelor's or master's degree in computer science, engineering, or a related field.
0 to 1 years of experience in full-stack development.
Strong understanding of MVC architecture and API design.
 Preferred Attributes
· Exposure to asynchronous programming.
· Strong communication and collaboration skills.
· Hindi communication and collaboration skills
· Traveling to different locations for trials and demos",0,,Cynthia Sheba J ,https://www.linkedin.com/in/cynthia-sheba-j-649779166,Previous resume,False,2026-03-05 20:41:21.160438,2026-03-09 20:41:28.929573,https://www.linkedin.com/jobs/view/4380456054,Easy Applied,"{('Have you worked on backend technologies? [  ""Select an option"", ""Yes"", ""No"", ]', 'Yes', 'select', 'Select an option'), ('how many years of work experience do you have with django?', '5', 'text', ''), ('Are you comfortable commuting to this job\'s location? [  ""Yes""<Yes>, ""No""<No>, ]', 'Yes', 'radio', None), ('Do you have experience with asynchronous programming? [  ""Select an option"", ""Yes"", ""No"", ]', 'Yes', 'select', 'Select an option'), ('Have you completed the following level of education: Bachelor\'s Degree? [  ""Yes""<Yes>, ""No""<No>, ]', '""Yes""<Yes>', 'radio', '""Yes""<Yes>'), ('Email address [  ""Select an option"", ""saminathanms2004@gmail.com"", ]', 'Yes', 'select', 'saminathanms2004@gmail.com'), ('Are you comfortable communicating and collaborating in Hindi? [  ""Select an option"", ""Yes"", ""No"", ]', 'Yes', 'select', 'Select an option'), ('Are you willing to travel to different locations for product trials? [  ""Select an option"", ""Yes"", ""No"", ]', 'No', 'select', 'Select an option'), ('have you worked on databases?  [  ""Select an option"", ""Yes"", ""No"", ]', 'Yes', 'select', 'Select an option'), ('how many years of work experience do you have with flask?', '5', 'text', ''), ('mobile phone number', '6385663777', 'text', '6385663777'), ('Phone country code [ ""List of phone country codes"" ]', 'Yes', 'select', 'India (+91)'), ('Have you designed and implemented RESTful APIs? [  ""Select an option"", ""Yes"", ""No"", ]', 'Yes', 'select', 'Select an option'), ('how many years of work experience do you have with python (programming language)?', '5', 'text', '')}",In Development
4380679849,Associate - System Engineer,2Base Technologie,ase Technologie,ase Technologie,"About the job
We are looking for a Associate - System Engineer to support the maintenance and reliability of our internal systems, servers, and infrastructure. This role is ideal for fresh graduates or early-career professionals who want to build strong foundational knowledge in Linux systems, networking, infrastructure operations, and security practices.
The selected candidate will work closely with senior engineers to maintain infrastructure stability and gradually gain exposure to cloud platforms, automation tools, and DevSecOps practices. 
This role provides a strong learning path towards Infrastructure Engineering, Cloud Engineering, and DevSecOps roles within the organization.

Key Responsibilities
Assist in maintaining internal servers, systems, and infrastructure environments.
Monitor system performance, services, and alerts to ensure high availability.
Support routine system maintenance, patching, and updates.
Assist in server setup, configuration, and troubleshooting under supervision.
Monitor backup processes and verify successful backup operations.
Review system logs and report anomalies or potential issues.
Assist in maintaining infrastructure documentation and system configurations.
Provide basic technical support related to infrastructure systems when required.
Support troubleshooting of system and network issues alongside senior engineers.
Participate in improving infrastructure reliability and operational processes.

Requirements

Basic understanding of Linux operating systems
Basic knowledge of networking concepts (IP, DNS, HTTP, firewalls)
Familiarity with system troubleshooting and command-line usage
Basic understanding of computer systems and infrastructure concepts
Interest in cloud computing, infrastructure automation, and security
Basic scripting knowledge (Bash / Shell / Python – beginner level acceptable)
Strong analytical and problem-solving mindset
Willingness to learn and work in infrastructure and security domains
Good communication and teamwork skills

Preferred Qualifications

Diploma / Degree / B.Tech in IT, Computer Science, or related field
Exposure to Linux environments through projects or coursework
Basic awareness of cloud platforms (AWS / Azure / GCP)
Understanding of virtualization concepts
Any relevant certifications or courses in Linux, Cloud, or Networking are a plus

Benefits
A growth-driven environment with opportunities to lead, innovate, and upskill continuously.",0,,Unknown,Unknown,Previous resume,False,2026-03-06 20:41:37.537039,2026-03-09 20:41:43.879787,https://www.linkedin.com/jobs/view/4380679849,Easy Applied,"{('what is your current ctc?', '800000', 'text', ''), ('Are you holding Diploma / Degree / B.Tech in IT, Computer Science, or related field ? [  ""Select an option"", ""Yes"", ""No"", ]', 'Yes', 'select', 'Select an option'), ('Email address [  ""Select an option"", ""saminathanms2004@gmail.com"", ]', 'Yes', 'select', 'saminathanms2004@gmail.com'), ('what is your expected ctc ?', '1200000', 'text', ''), ('mobile phone number', '6385663777', 'text', '6385663777'), ('Are you an immediate joiner [  ""Select an option"", ""Yes"", ""No"", ]', 'Yes', 'select', 'Select an option'), ('Phone country code [ ""List of phone country codes"" ]', 'Yes', 'select', 'India (+91)'), ('what is your pass-out year?', '5', 'text', '')}",In Development
4332547331,Project Engineer - Automation Solutions,BASE Automatio,SE Automatio,SE Automatio,"About the job
Key Responsibilities: 
Execute and work towards serving project’s business obligation individually or as a team member as applicable. 
Participate actively to enhance & consistently update the technology knowledge, as in pace with business demand through continually education program sponsored by Company.
Will not hesitate to travel & work at client premises, on short notice calls as per project obligation.
Develop technology white paper for all new implementation if any, or on raise of demand from reporting authority.
Comply and implement the process compliance requirement and best practice requirement of the company as defined.
Demonstrate & conduct training as required on any job implemented to peers/team/BU as part of knowledge transfer sessions on demand.
Participate in client meeting representing company for technical arbitration and confidence building exercise during pre-sale/post sale on any business negotiation on demand.
Consistently report to peers and super-ordinate as appropriate regarding work executed and project progress as appropriate.
Actively participate and suggest in all process/technical brainstorm session, to bring in continual improvement.

Qualifications:
Must be a BE (EEE/ECE/E&I) with a strong focus on automation and control systems.
At least 2 to 4 years of relevant experience in automation / automobile ancillary industry
Good oral and written communication skills in English are essential.

Knowledge & Skills: 
 Rockwell / Siemens hot Redundancy (Hot Back up) Soft switching (Warm developing MES Backup)
Ethernet and Profinet are added advantage.
Drives -- PowerFlex / Sinamics, Servo
Optional – Other platforms and MS- Visio / MS Project (But willing to learn and perform)",2,,Jayapriya B ,https://www.linkedin.com/in/jayapriya-b-40140a32b,Previous resume,True,2026-02-07 20:41:50.593397,2026-03-09 20:41:56.721030,https://www.linkedin.com/jobs/view/4332547331,Easy Applied,"{('Are you willing to travel and work at client sites on short notice as per project requirements? [  ""Select an option"", ""Yes"", ""No"", ]', 'Yes', 'select', 'Select an option'), ('Have you programmed or commissioned PLC systems using Rockwell Automation or Siemens platforms? [  ""Select an option"", ""Yes"", ""No"", ]', 'Yes', 'select', 'Select an option'), ('Email address [  ""Select an option"", ""saminathanms2004@gmail.com"", ]', 'Yes', 'select', 'saminathanms2004@gmail.com'), ('mobile phone number', '6385663777', 'text', '6385663777'), ('Do you have 2–4 years of hands-on experience in industrial automation or automobile ancillary projects? [  ""Select an option"", ""Yes"", ""No"", ]', 'Yes', 'select', 'Select an option'), ('Phone country code [ ""List of phone country codes"" ]', 'Yes', 'select', 'India (+91)')}",In Development
4380792519,System Engineer,Presidency University Bangalor,esidency University Bangalor,esidency University Bangalor,"About the job
The ideal candidate will help build, maintain, and troubleshoot, the company's rapidly expanding infrastructure. They will work alongside other engineers to ensure highest levels of performance and ability, and manage any problems that arise. 
 Responsibilities
Manage and monitor installed systems
Test and maintain operation systems
Monitor application performance

Qualifications

Bachelor's degree in Computer Science or related field
Experience in configuring, monitoring and troubleshooting systems
Strong scripting and technical skills",0,,Arvind .,https://www.linkedin.com/in/arvind-a06216390,Previous resume,False,2026-03-04 20:42:02.868100,2026-03-09 20:42:08.726065,https://www.linkedin.com/jobs/view/4380792519,Easy Applied,"{('Have you completed the following level of education: Bachelor\'s Degree? [  ""Yes""<Yes>, ""No""<No>, ]', '""Yes""<Yes>', 'radio', '""Yes""<Yes>'), ('Email address [  ""Select an option"", ""saminathanms2004@gmail.com"", ]', 'Yes', 'select', 'saminathanms2004@gmail.com'), ('how many years of administrative experience do you currently have?', '5', 'text', ''), ('mobile phone number', '6385663777', 'text', '6385663777'), ('Phone country code [ ""List of phone country codes"" ]', 'Yes', 'select', 'India (+91)')}",In Development
